img_rel_path,pid,camid
gallery/98_c5s4_5.jpg,98,5
gallery/114_c5s1_9.jpg,114,5
gallery/0_c6s6_3.jpg,0,6
gallery/31_c3s1_10.jpg,31,3
gallery/40_c3s4_6.jpg,40,3
gallery/69_c6s5_8.jpg,69,6
gallery/47_c1s2_2.jpg,47,1
gallery/109_c1s4_8.jpg,109,1
gallery/85_c1s1_4.jpg,85,1
gallery/125_c5s3_0.jpg,125,5
gallery/3_c1s5_7.jpg,3,1
gallery/8_c3s6_8.jpg,8,3
gallery/91_c1s5_7.jpg,91,1
gallery/105_c3s2_4.jpg,105,3
gallery/41_c6s5_7.jpg,41,6
gallery/67_c4s6_2.jpg,67,4
gallery/158_c1s3_7.jpg,158,1
gallery/10_c2s4_6.jpg,10,2
gallery/39_c4s4_9.jpg,39,4
gallery/7_c5s4_7.jpg,7,5
gallery/162_c1s5_3.jpg,162,1
gallery/74_c1s1_8.jpg,74,1
gallery/8_c4s5_3.jpg,8,4
gallery/113_c1s2_5.jpg,113,1
gallery/59_c1s5_6.jpg,59,1
gallery/167_c1s5_6.jpg,167,1
gallery/91_c1s1_2.jpg,91,1
gallery/32_c6s1_2.jpg,32,6
gallery/89_c5s4_4.jpg,89,5
gallery/17_c3s2_13.jpg,17,3
gallery/0_c6s4_2.jpg,0,6
gallery/124_c2s5_1.jpg,124,2
gallery/50_c5s6_4.jpg,50,5
gallery/16_c4s5_3.jpg,16,4
gallery/38_c6s4_2.jpg,38,6
gallery/147_c3s4_8.jpg,147,3
gallery/75_c5s3_10.jpg,75,5
gallery/50_c4s6_1.jpg,50,4
gallery/35_c5s3_6.jpg,35,5
gallery/79_c6s2_2.jpg,79,6
gallery/61_c3s5_1.jpg,61,3
gallery/1_c6s3_9.jpg,1,6
gallery/163_c3s5_9.jpg,163,3
gallery/32_c4s6_0.jpg,32,4
gallery/185_c4s6_7.jpg,185,4
gallery/20_c3s1_2.jpg,20,3
gallery/8_c5s1_1.jpg,8,5
gallery/162_c2s5_15.jpg,162,2
gallery/3_c1s3_3.jpg,3,1
gallery/158_c5s2_15.jpg,158,5
gallery/113_c6s5_8.jpg,113,6
gallery/41_c6s3_3.jpg,41,6
gallery/23_c6s1_1.jpg,23,6
gallery/119_c4s5_9.jpg,119,4
gallery/53_c1s4_1.jpg,53,1
gallery/107_c2s5_3.jpg,107,2
gallery/146_c2s3_2.jpg,146,2
gallery/129_c6s3_9.jpg,129,6
gallery/59_c2s6_3.jpg,59,2
gallery/124_c2s3_2.jpg,124,2
gallery/52_c4s5_4.jpg,52,4
gallery/83_c4s1_4.jpg,83,4
gallery/31_c4s4_8.jpg,31,4
gallery/111_c2s4_6.jpg,111,2
gallery/85_c1s1_2.jpg,85,1
gallery/106_c4s5_2.jpg,106,4
gallery/164_c5s5_7.jpg,164,5
gallery/18_c2s6_4.jpg,18,2
gallery/160_c1s4_6.jpg,160,1
gallery/23_c4s4_4.jpg,23,4
gallery/167_c5s5_8.jpg,167,5
gallery/55_c4s2_4.jpg,55,4
gallery/190_c6s2_8.jpg,190,6
gallery/173_c5s3_9.jpg,173,5
gallery/167_c2s2_20.jpg,167,2
gallery/99_c5s3_8.jpg,99,5
gallery/129_c1s2_0.jpg,129,1
gallery/105_c2s6_2.jpg,105,2
gallery/84_c6s1_7.jpg,84,6
gallery/137_c1s3_3.jpg,137,1
gallery/158_c5s2_10.jpg,158,5
gallery/13_c6s6_5.jpg,13,6
gallery/76_c2s5_8.jpg,76,2
gallery/92_c5s5_6.jpg,92,5
gallery/50_c6s1_6.jpg,50,6
gallery/87_c1s4_5.jpg,87,1
gallery/34_c2s3_7.jpg,34,2
gallery/42_c6s1_8.jpg,42,6
gallery/0_c4s5_1.jpg,0,4
gallery/32_c1s4_8.jpg,32,1
gallery/114_c2s4_0.jpg,114,2
gallery/77_c2s6_4.jpg,77,2
gallery/98_c5s6_2.jpg,98,5
gallery/35_c2s2_9.jpg,35,2
gallery/39_c3s5_5.jpg,39,3
gallery/16_c6s2_6.jpg,16,6
gallery/53_c4s6_9.jpg,53,4
gallery/47_c2s5_1.jpg,47,2
gallery/61_c1s4_3.jpg,61,1
gallery/99_c3s4_1.jpg,99,3
gallery/1_c3s5_5.jpg,1,3
gallery/38_c5s5_4.jpg,38,5
gallery/23_c4s4_7.jpg,23,4
gallery/13_c5s3_2.jpg,13,5
gallery/76_c5s6_1.jpg,76,5
gallery/72_c2s4_2.jpg,72,2
gallery/107_c2s1_5.jpg,107,2
gallery/185_c2s1_14.jpg,185,2
gallery/125_c6s4_2.jpg,125,6
gallery/39_c1s6_3.jpg,39,1
gallery/34_c2s1_6.jpg,34,2
gallery/18_c2s2_2.jpg,18,2
gallery/36_c5s5_8.jpg,36,5
gallery/190_c2s3_13.jpg,190,2
gallery/92_c6s6_7.jpg,92,6
gallery/31_c6s3_9.jpg,31,6
gallery/167_c1s4_11.jpg,167,1
gallery/4_c2s2_5.jpg,4,2
gallery/173_c1s6_1.jpg,173,1
gallery/167_c1s2_17.jpg,167,1
gallery/8_c5s6_6.jpg,8,5
gallery/176_c2s2_11.jpg,176,2
gallery/120_c1s4_8.jpg,120,1
gallery/86_c3s5_8.jpg,86,3
gallery/116_c3s6_3.jpg,116,3
gallery/89_c1s1_8.jpg,89,1
gallery/34_c2s2_3.jpg,34,2
gallery/76_c3s4_9.jpg,76,3
gallery/113_c5s5_9.jpg,113,5
gallery/87_c1s5_1.jpg,87,1
gallery/32_c4s3_4.jpg,32,4
gallery/72_c2s1_0.jpg,72,2
gallery/109_c3s2_9.jpg,109,3
gallery/98_c5s5_7.jpg,98,5
gallery/40_c2s5_1.jpg,40,2
gallery/157_c3s2_1.jpg,157,3
gallery/91_c4s4_8.jpg,91,4
gallery/13_c5s6_0.jpg,13,5
gallery/4_c3s4_7.jpg,4,3
gallery/112_c5s4_4.jpg,112,5
gallery/163_c6s6_6.jpg,163,6
gallery/0_c3s3_8.jpg,0,3
gallery/20_c2s2_5.jpg,20,2
gallery/119_c3s5_1.jpg,119,3
gallery/32_c6s4_7.jpg,32,6
gallery/16_c5s4_7.jpg,16,5
gallery/3_c1s4_5.jpg,3,1
gallery/38_c5s4_3.jpg,38,5
gallery/137_c1s6_2.jpg,137,1
gallery/161_c6s3_0.jpg,161,6
gallery/36_c1s4_6.jpg,36,1
gallery/54_c1s6_4.jpg,54,1
gallery/160_c1s5_2.jpg,160,1
gallery/9_c1s5_1.jpg,9,1
gallery/17_c1s5_16.jpg,17,1
gallery/109_c6s2_6.jpg,109,6
gallery/39_c4s5_8.jpg,39,4
gallery/179_c1s5_4.jpg,179,1
gallery/4_c3s2_3.jpg,4,3
gallery/114_c2s1_1.jpg,114,2
gallery/34_c5s3_8.jpg,34,5
gallery/184_c6s1_14.jpg,184,6
gallery/107_c2s6_7.jpg,107,2
gallery/3_c1s2_1.jpg,3,1
gallery/8_c4s4_2.jpg,8,4
gallery/184_c6s3_11.jpg,184,6
gallery/183_c1s1_5.jpg,183,1
gallery/157_c1s3_6.jpg,157,1
gallery/106_c6s3_7.jpg,106,6
gallery/74_c6s3_3.jpg,74,6
gallery/54_c2s1_0.jpg,54,2
gallery/10_c3s1_6.jpg,10,3
gallery/160_c2s2_7.jpg,160,2
gallery/93_c3s2_7.jpg,93,3
gallery/10_c1s2_1.jpg,10,1
gallery/93_c1s1_0.jpg,93,1
gallery/99_c3s3_3.jpg,99,3
gallery/18_c3s1_0.jpg,18,3
gallery/185_c6s2_5.jpg,185,6
gallery/152_c1s3_2.jpg,152,1
gallery/170_c4s2_14.jpg,170,4
gallery/23_c6s4_6.jpg,23,6
gallery/34_c3s4_2.jpg,34,3
gallery/38_c3s1_9.jpg,38,3
gallery/87_c3s2_0.jpg,87,3
gallery/23_c4s5_3.jpg,23,4
gallery/180_c4s1_11.jpg,180,4
gallery/105_c2s3_0.jpg,105,2
gallery/162_c2s1_12.jpg,162,2
gallery/161_c2s5_11.jpg,161,2
gallery/147_c5s2_5.jpg,147,5
gallery/52_c6s5_2.jpg,52,6
gallery/13_c5s2_3.jpg,13,5
gallery/9_c2s4_6.jpg,9,2
gallery/41_c6s6_0.jpg,41,6
gallery/125_c6s3_5.jpg,125,6
gallery/105_c3s3_1.jpg,105,3
gallery/23_c6s2_4.jpg,23,6
gallery/62_c1s1_9.jpg,62,1
gallery/1_c2s2_6.jpg,1,2
gallery/69_c3s2_6.jpg,69,3
gallery/189_c1s2_6.jpg,189,1
gallery/189_c3s3_3.jpg,189,3
gallery/190_c1s2_2.jpg,190,1
gallery/7_c4s1_3.jpg,7,4
gallery/50_c4s1_0.jpg,50,4
gallery/77_c1s4_7.jpg,77,1
gallery/10_c2s3_4.jpg,10,2
gallery/125_c4s4_7.jpg,125,4
gallery/190_c1s6_10.jpg,190,1
gallery/179_c6s4_8.jpg,179,6
gallery/4_c2s6_6.jpg,4,2
gallery/72_c5s6_8.jpg,72,5
gallery/40_c4s6_8.jpg,40,4
gallery/11_c4s3_5.jpg,11,4
gallery/112_c1s6_8.jpg,112,1
gallery/129_c1s3_3.jpg,129,1
gallery/164_c6s5_5.jpg,164,6
gallery/93_c2s6_3.jpg,93,2
gallery/1_c3s4_4.jpg,1,3
gallery/74_c4s6_6.jpg,74,4
gallery/20_c3s2_4.jpg,20,3
gallery/116_c1s3_7.jpg,116,1
gallery/61_c2s4_0.jpg,61,2
gallery/113_c1s5_4.jpg,113,1
gallery/173_c5s2_8.jpg,173,5
gallery/89_c2s4_9.jpg,89,2
gallery/13_c2s3_8.jpg,13,2
gallery/86_c4s2_3.jpg,86,4
gallery/146_c1s3_2.jpg,146,1
gallery/40_c6s1_9.jpg,40,6
gallery/111_c2s1_2.jpg,111,2
gallery/161_c6s5_2.jpg,161,6
gallery/64_c2s4_5.jpg,64,2
gallery/146_c2s2_2.jpg,146,2
gallery/97_c5s2_5.jpg,97,5
gallery/36_c2s1_7.jpg,36,2
gallery/1_c6s6_8.jpg,1,6
gallery/4_c3s2_4.jpg,4,3
gallery/106_c1s2_8.jpg,106,1
gallery/124_c2s4_5.jpg,124,2
gallery/158_c1s1_17.jpg,158,1
gallery/98_c4s3_1.jpg,98,4
gallery/164_c1s2_8.jpg,164,1
gallery/40_c1s2_2.jpg,40,1
gallery/129_c3s2_5.jpg,129,3
gallery/106_c4s6_1.jpg,106,4
gallery/72_c3s5_4.jpg,72,3
gallery/77_c1s2_2.jpg,77,1
gallery/36_c1s4_3.jpg,36,1
gallery/107_c2s2_4.jpg,107,2
gallery/114_c5s6_8.jpg,114,5
gallery/93_c5s3_1.jpg,93,5
gallery/158_c5s6_19.jpg,158,5
gallery/116_c4s5_0.jpg,116,4
gallery/8_c3s5_0.jpg,8,3
gallery/55_c3s6_5.jpg,55,3
gallery/55_c2s4_2.jpg,55,2
gallery/59_c5s6_7.jpg,59,5
gallery/163_c2s4_4.jpg,163,2
gallery/106_c5s6_9.jpg,106,5
gallery/75_c5s2_11.jpg,75,5
gallery/156_c1s2_0.jpg,156,1
gallery/32_c2s6_5.jpg,32,2
gallery/184_c6s1_0.jpg,184,6
gallery/37_c1s3_4.jpg,37,1
gallery/79_c3s1_5.jpg,79,3
gallery/76_c1s5_5.jpg,76,1
gallery/47_c4s5_3.jpg,47,4
gallery/189_c1s2_9.jpg,189,1
gallery/92_c3s3_0.jpg,92,3
gallery/40_c6s1_5.jpg,40,6
gallery/4_c4s3_1.jpg,4,4
gallery/53_c4s3_2.jpg,53,4
gallery/64_c1s5_9.jpg,64,1
gallery/74_c1s6_5.jpg,74,1
gallery/75_c4s3_0.jpg,75,4
gallery/91_c5s4_5.jpg,91,5
gallery/9_c6s2_15.jpg,9,6
gallery/189_c4s6_1.jpg,189,4
gallery/35_c2s1_5.jpg,35,2
gallery/166_c1s5_0.jpg,166,1
gallery/86_c1s4_5.jpg,86,1
gallery/97_c1s4_7.jpg,97,1
gallery/42_c6s2_4.jpg,42,6
gallery/120_c2s5_0.jpg,120,2
gallery/42_c4s1_3.jpg,42,4
gallery/83_c5s4_8.jpg,83,5
gallery/37_c2s4_3.jpg,37,2
gallery/109_c2s4_3.jpg,109,2
gallery/47_c4s3_4.jpg,47,4
gallery/183_c6s2_4.jpg,183,6
gallery/183_c1s5_12.jpg,183,1
gallery/158_c5s1_11.jpg,158,5
gallery/0_c2s5_0.jpg,0,2
gallery/93_c6s2_2.jpg,93,6
gallery/23_c1s3_0.jpg,23,1
gallery/137_c6s1_7.jpg,137,6
gallery/76_c1s3_0.jpg,76,1
gallery/114_c6s5_4.jpg,114,6
gallery/31_c2s2_14.jpg,31,2
gallery/98_c3s6_3.jpg,98,3
gallery/59_c4s2_5.jpg,59,4
gallery/10_c5s4_7.jpg,10,5
gallery/57_c3s3_0.jpg,57,3
gallery/83_c2s1_6.jpg,83,2
gallery/158_c4s3_16.jpg,158,4
gallery/11_c3s2_0.jpg,11,3
gallery/167_c2s1_22.jpg,167,2
gallery/62_c2s2_6.jpg,62,2
gallery/11_c3s2_1.jpg,11,3
gallery/163_c4s1_10.jpg,163,4
gallery/93_c5s5_5.jpg,93,5
gallery/16_c1s4_5.jpg,16,1
gallery/3_c2s3_9.jpg,3,2
gallery/152_c4s5_12.jpg,152,4
gallery/156_c2s5_4.jpg,156,2
gallery/69_c4s1_1.jpg,69,4
gallery/166_c1s1_7.jpg,166,1
gallery/42_c5s5_1.jpg,42,5
gallery/176_c2s1_9.jpg,176,2
gallery/11_c3s4_7.jpg,11,3
gallery/9_c5s1_7.jpg,9,5
gallery/158_c2s2_22.jpg,158,2
gallery/77_c5s6_5.jpg,77,5
gallery/158_c2s1_9.jpg,158,2
gallery/16_c3s3_2.jpg,16,3
gallery/32_c2s6_3.jpg,32,2
gallery/173_c6s5_4.jpg,173,6
gallery/152_c5s1_5.jpg,152,5
gallery/161_c3s1_1.jpg,161,3
gallery/18_c5s6_6.jpg,18,5
gallery/31_c4s1_6.jpg,31,4
gallery/9_c4s5_3.jpg,9,4
gallery/79_c3s1_2.jpg,79,3
gallery/185_c5s3_9.jpg,185,5
gallery/69_c6s4_5.jpg,69,6
gallery/116_c5s5_2.jpg,116,5
gallery/52_c3s1_3.jpg,52,3
gallery/158_c1s1_21.jpg,158,1
gallery/180_c1s5_2.jpg,180,1
gallery/167_c4s4_7.jpg,167,4
gallery/38_c3s1_5.jpg,38,3
gallery/124_c5s1_3.jpg,124,5
gallery/89_c1s5_2.jpg,89,1
gallery/18_c5s2_3.jpg,18,5
gallery/3_c1s6_8.jpg,3,1
gallery/34_c2s4_9.jpg,34,2
gallery/167_c6s5_0.jpg,167,6
gallery/76_c1s1_4.jpg,76,1
gallery/36_c1s6_9.jpg,36,1
gallery/156_c1s4_3.jpg,156,1
gallery/170_c2s5_1.jpg,170,2
gallery/13_c3s1_6.jpg,13,3
gallery/74_c1s4_2.jpg,74,1
gallery/76_c3s6_7.jpg,76,3
gallery/152_c4s3_1.jpg,152,4
gallery/137_c4s4_0.jpg,137,4
gallery/1_c4s5_7.jpg,1,4
gallery/57_c3s1_4.jpg,57,3
gallery/18_c4s6_1.jpg,18,4
gallery/85_c4s2_5.jpg,85,4
gallery/3_c4s6_6.jpg,3,4
gallery/62_c3s2_5.jpg,62,3
gallery/7_c1s5_0.jpg,7,1
gallery/85_c5s2_0.jpg,85,5
gallery/97_c1s2_4.jpg,97,1
gallery/190_c6s1_3.jpg,190,6
gallery/9_c5s1_1.jpg,9,5
gallery/76_c3s5_3.jpg,76,3
gallery/20_c5s2_6.jpg,20,5
gallery/113_c5s4_3.jpg,113,5
gallery/157_c5s6_3.jpg,157,5
gallery/20_c4s2_3.jpg,20,4
gallery/39_c6s3_2.jpg,39,6
gallery/105_c4s1_7.jpg,105,4
gallery/119_c5s5_7.jpg,119,5
gallery/13_c1s3_7.jpg,13,1
gallery/42_c6s3_6.jpg,42,6
gallery/36_c6s4_5.jpg,36,6
gallery/99_c6s4_0.jpg,99,6
gallery/36_c4s1_4.jpg,36,4
gallery/64_c5s4_2.jpg,64,5
gallery/7_c3s1_6.jpg,7,3
gallery/162_c2s6_9.jpg,162,2
gallery/0_c4s1_9.jpg,0,4
gallery/79_c2s4_7.jpg,79,2
gallery/18_c5s1_5.jpg,18,5
gallery/7_c1s2_1.jpg,7,1
gallery/89_c2s5_6.jpg,89,2
gallery/160_c1s4_9.jpg,160,1
gallery/97_c1s1_1.jpg,97,1
gallery/52_c3s2_5.jpg,52,3
gallery/109_c3s5_5.jpg,109,3
gallery/54_c6s2_2.jpg,54,6
gallery/1_c5s2_3.jpg,1,5
gallery/124_c5s2_4.jpg,124,5
gallery/173_c5s3_6.jpg,173,5
gallery/41_c2s3_1.jpg,41,2
gallery/147_c1s5_6.jpg,147,1
gallery/79_c1s5_6.jpg,79,1
gallery/162_c6s2_4.jpg,162,6
gallery/111_c4s5_5.jpg,111,4
gallery/183_c6s5_1.jpg,183,6
gallery/57_c3s2_1.jpg,57,3
gallery/8_c3s2_4.jpg,8,3
gallery/164_c1s5_1.jpg,164,1
gallery/31_c2s6_11.jpg,31,2
gallery/179_c4s6_3.jpg,179,4
gallery/173_c5s5_13.jpg,173,5
gallery/112_c1s3_0.jpg,112,1
gallery/62_c1s2_4.jpg,62,1
gallery/54_c4s5_3.jpg,54,4
gallery/162_c2s2_14.jpg,162,2
gallery/86_c2s4_4.jpg,86,2
gallery/109_c1s2_4.jpg,109,1
gallery/67_c1s4_7.jpg,67,1
gallery/50_c1s4_7.jpg,50,1
gallery/0_c1s1_7.jpg,0,1
gallery/67_c3s1_6.jpg,67,3
gallery/64_c4s6_6.jpg,64,4
gallery/119_c6s2_2.jpg,119,6
gallery/62_c1s4_2.jpg,62,1
gallery/53_c5s6_3.jpg,53,5
gallery/111_c2s6_8.jpg,111,2
gallery/1_c5s2_1.jpg,1,5
gallery/112_c3s6_3.jpg,112,3
gallery/163_c1s6_7.jpg,163,1
gallery/98_c6s3_8.jpg,98,6
gallery/23_c3s1_5.jpg,23,3
gallery/179_c6s3_1.jpg,179,6
gallery/18_c5s1_7.jpg,18,5
gallery/170_c1s4_15.jpg,170,1
gallery/180_c6s1_8.jpg,180,6
gallery/23_c2s1_0.jpg,23,2
gallery/158_c3s4_18.jpg,158,3
gallery/58_c3s5_5.jpg,58,3
gallery/112_c3s2_6.jpg,112,3
gallery/77_c4s1_1.jpg,77,4
gallery/8_c2s2_2.jpg,8,2
gallery/164_c2s6_0.jpg,164,2
gallery/114_c4s1_7.jpg,114,4
gallery/176_c6s4_12.jpg,176,6
gallery/40_c4s3_3.jpg,40,4
gallery/35_c3s2_2.jpg,35,3
gallery/69_c5s6_1.jpg,69,5
gallery/41_c3s5_5.jpg,41,3
gallery/55_c3s1_6.jpg,55,3
gallery/99_c6s6_4.jpg,99,6
gallery/87_c4s2_6.jpg,87,4
gallery/42_c6s1_2.jpg,42,6
gallery/189_c6s6_0.jpg,189,6
gallery/87_c3s5_8.jpg,87,3
gallery/99_c5s5_6.jpg,99,5
gallery/98_c2s3_4.jpg,98,2
gallery/37_c2s3_1.jpg,37,2
gallery/42_c6s3_0.jpg,42,6
gallery/84_c1s2_5.jpg,84,1
gallery/107_c6s5_2.jpg,107,6
gallery/3_c5s1_4.jpg,3,5
gallery/40_c6s4_4.jpg,40,6
gallery/53_c2s1_8.jpg,53,2
gallery/106_c1s3_0.jpg,106,1
gallery/47_c4s2_0.jpg,47,4
gallery/64_c4s4_1.jpg,64,4
gallery/23_c3s1_1.jpg,23,3
gallery/7_c3s3_2.jpg,7,3
gallery/59_c5s5_0.jpg,59,5
gallery/23_c1s2_6.jpg,23,1
gallery/16_c2s2_4.jpg,16,2
gallery/20_c6s5_7.jpg,20,6
gallery/180_c1s6_3.jpg,180,1
gallery/64_c5s6_7.jpg,64,5
gallery/8_c3s6_6.jpg,8,3
gallery/8_c1s5_1.jpg,8,1
gallery/176_c4s3_0.jpg,176,4
gallery/92_c1s1_3.jpg,92,1
gallery/57_c3s2_7.jpg,57,3
gallery/166_c6s1_9.jpg,166,6
gallery/147_c3s2_3.jpg,147,3
gallery/37_c2s1_2.jpg,37,2
gallery/17_c6s3_1.jpg,17,6
gallery/152_c4s1_10.jpg,152,4
gallery/147_c1s1_4.jpg,147,1
gallery/86_c2s6_2.jpg,86,2
gallery/16_c1s5_1.jpg,16,1
gallery/9_c4s4_2.jpg,9,4
gallery/75_c3s5_8.jpg,75,3
gallery/10_c4s1_3.jpg,10,4
gallery/41_c3s1_2.jpg,41,3
gallery/7_c2s3_4.jpg,7,2
gallery/162_c6s2_0.jpg,162,6
gallery/119_c4s1_3.jpg,119,4
gallery/170_c2s4_2.jpg,170,2
gallery/167_c6s6_1.jpg,167,6
gallery/58_c1s2_1.jpg,58,1
gallery/35_c3s4_3.jpg,35,3
gallery/72_c4s1_3.jpg,72,4
gallery/11_c1s6_4.jpg,11,1
gallery/58_c3s1_6.jpg,58,3
gallery/61_c5s2_4.jpg,61,5
gallery/113_c6s3_0.jpg,113,6
gallery/54_c6s2_7.jpg,54,6
gallery/137_c4s1_6.jpg,137,4
gallery/61_c5s2_5.jpg,61,5
gallery/69_c4s2_6.jpg,69,4
gallery/190_c5s1_0.jpg,190,5
gallery/32_c3s1_1.jpg,32,3
gallery/176_c6s6_2.jpg,176,6
gallery/137_c3s6_8.jpg,137,3
gallery/184_c6s6_1.jpg,184,6
gallery/111_c4s5_0.jpg,111,4
gallery/85_c6s2_3.jpg,85,6
gallery/83_c3s2_5.jpg,83,3
gallery/58_c1s6_4.jpg,58,1
gallery/106_c3s6_3.jpg,106,3
gallery/3_c6s4_2.jpg,3,6
gallery/52_c2s6_0.jpg,52,2
gallery/55_c2s3_3.jpg,55,2
gallery/85_c4s3_6.jpg,85,4
gallery/62_c4s4_8.jpg,62,4
